/*
NAVICAT ORACLE DATA TRANSFER
ORACLE CLIENT VERSION : 10.2.0.5.0

SOURCE SERVER         : ORACLE_172
SOURCE SERVER VERSION : 100200
SOURCE HOST           : 192.168.30.172:1521
SOURCE SCHEMA         : BLADE

TARGET SERVER TYPE    : ORACLE
TARGET SERVER VERSION : 100200
FILE ENCODING         : 65001

DATE: 2017-01-13 08:53:30
*/


-- ----------------------------
-- TABLE STRUCTURE FOR BLADE_ATTACH
-- ----------------------------
DROP TABLE "BLADE_ATTACH";
CREATE TABLE "BLADE_ATTACH" (
"ID" NUMBER(11) NOT NULL ,
"CODE" NVARCHAR2(255) NULL ,
"NAME" NVARCHAR2(255) NULL ,
"URL" NVARCHAR2(2000) NULL ,
"STATUS" NUMBER(11) NULL ,
"CREATER" NUMBER(11) NULL ,
"CREATETIME" DATE NULL
)
LOGGING
NOCOMPRESS
NOCACHE

;

-- ----------------------------
-- RECORDS OF BLADE_ATTACH
-- ----------------------------

-- ----------------------------
-- TABLE STRUCTURE FOR BLADE_DEPT
-- ----------------------------
DROP TABLE "BLADE_DEPT";
CREATE TABLE "BLADE_DEPT" (
"ID" NUMBER(11) NOT NULL ,
"NUM" NUMBER(11) NULL ,
"PID" NUMBER(11) NULL ,
"SIMPLENAME" NVARCHAR2(45) NULL ,
"FULLNAME" NVARCHAR2(255) NULL ,
"TIPS" NVARCHAR2(255) NULL ,
"VERSION" NUMBER(11) NULL
)
LOGGING
NOCOMPRESS
NOCACHE

;

-- ----------------------------
-- RECORDS OF BLADE_DEPT
-- ----------------------------
INSERT INTO "BLADE_DEPT" VALUES ('1', '0', '0', 'COMPANY', 'COMPANY', NULL, '1');
INSERT INTO "BLADE_DEPT" VALUES ('2', '1', '1', '江苏XX', '江苏XX信息技术有限公司', NULL, '1');
INSERT INTO "BLADE_DEPT" VALUES ('3', '1', '2', '技服部', '技术服务部', NULL, '1');
INSERT INTO "BLADE_DEPT" VALUES ('4', '2', '2', '客服部', '客户服务部', NULL, '1');
INSERT INTO "BLADE_DEPT" VALUES ('5', '3', '2', '销售部', '销售部', NULL, '1');
INSERT INTO "BLADE_DEPT" VALUES ('6', '4', '2', '综合管理部', '综合管理部', NULL, '1');
INSERT INTO "BLADE_DEPT" VALUES ('7', '2', '1', '常州XX', '常州XX软件技术有限公司', NULL, '1');
INSERT INTO "BLADE_DEPT" VALUES ('8', '1', '7', '产品部', '产品部', NULL, '1');
INSERT INTO "BLADE_DEPT" VALUES ('9', '2', '7', '研发部', '研发部', NULL, '1');
INSERT INTO "BLADE_DEPT" VALUES ('10', '3', '7', '项目部', '项目部', NULL, '1');
INSERT INTO "BLADE_DEPT" VALUES ('11', '4', '7', '运维部', '运维部', NULL, '1');
INSERT INTO "BLADE_DEPT" VALUES ('12', '5', '7', '销售部', '销售部', NULL, '1');
INSERT INTO "BLADE_DEPT" VALUES ('13', '6', '7', '行政部', '行政部', NULL, '1');

-- ----------------------------
-- TABLE STRUCTURE FOR BLADE_DICT
-- ----------------------------
DROP TABLE "BLADE_DICT";
CREATE TABLE "BLADE_DICT" (
"ID" NUMBER(11) NOT NULL ,
"CODE" NVARCHAR2(255) NULL ,
"NUM" NUMBER(11) NULL ,
"PID" NUMBER(11) NULL ,
"NAME" NVARCHAR2(255) NULL ,
"TIPS" NVARCHAR2(255) NULL ,
"VERSION" NUMBER(11) NULL
)
LOGGING
NOCOMPRESS
NOCACHE

;

-- ----------------------------
-- RECORDS OF BLADE_DICT
-- ----------------------------
INSERT INTO "BLADE_DICT" VALUES ('44', '102', '1', '14', '发布测试', NULL, '0');
INSERT INTO "BLADE_DICT" VALUES ('45', '102', '2', '16', '测试222', NULL, '1');
INSERT INTO "BLADE_DICT" VALUES ('1', '101', '0', '0', '性别', NULL, '0');
INSERT INTO "BLADE_DICT" VALUES ('2', '101', '1', '1', '男', NULL, '1');
INSERT INTO "BLADE_DICT" VALUES ('3', '101', '2', '1', '女', NULL, '0');
INSERT INTO "BLADE_DICT" VALUES ('5', '901', '0', '0', '账号状态', NULL, '0');
INSERT INTO "BLADE_DICT" VALUES ('6', '901', '1', '5', '启用', NULL, '0');
INSERT INTO "BLADE_DICT" VALUES ('7', '901', '2', '5', '冻结', NULL, '0');
INSERT INTO "BLADE_DICT" VALUES ('8', '901', '3', '5', '待审核', NULL, '0');
INSERT INTO "BLADE_DICT" VALUES ('9', '901', '4', '5', '审核拒绝', NULL, '0');
INSERT INTO "BLADE_DICT" VALUES ('10', '901', '5', '5', '已删除', NULL, '0');
INSERT INTO "BLADE_DICT" VALUES ('11', '902', '0', '0', '状态', NULL, '0');
INSERT INTO "BLADE_DICT" VALUES ('12', '902', '1', '11', '启用', NULL, '0');
INSERT INTO "BLADE_DICT" VALUES ('13', '902', '2', '11', '禁用', NULL, '0');
INSERT INTO "BLADE_DICT" VALUES ('14', '102', '0', '0', '公告类型', NULL, '0');
INSERT INTO "BLADE_DICT" VALUES ('15', '102', '10', '14', '通知公告', NULL, '0');
INSERT INTO "BLADE_DICT" VALUES ('16', '102', '9', '14', '发布计划', NULL, '0');
INSERT INTO "BLADE_DICT" VALUES ('17', '903', '0', '0', '审核状态', NULL, '0');
INSERT INTO "BLADE_DICT" VALUES ('18', '903', '1', '17', '待审核', NULL, '0');
INSERT INTO "BLADE_DICT" VALUES ('19', '903', '2', '17', '审核拒绝', NULL, '0');
INSERT INTO "BLADE_DICT" VALUES ('20', '903', '3', '17', '审核通过', NULL, '0');
INSERT INTO "BLADE_DICT" VALUES ('41', '102', '6', '16', '测试', NULL, '0');

-- ----------------------------
-- TABLE STRUCTURE FOR BLADE_GENERATE
-- ----------------------------
DROP TABLE "BLADE_GENERATE";
CREATE TABLE "BLADE_GENERATE" (
"ID" NUMBER(11) NOT NULL ,
"NAME" NVARCHAR2(255) NULL ,
"REALPATH" NVARCHAR2(255) NULL ,
"PACKAGENAME" NVARCHAR2(255) NULL ,
"MODELNAME" NVARCHAR2(255) NULL ,
"TABLENAME" NVARCHAR2(255) NULL ,
"PKNAME" NVARCHAR2(255) NULL ,
"TIPS" NVARCHAR2(255) NULL
)
LOGGING
NOCOMPRESS
NOCACHE

;

-- ----------------------------
-- RECORDS OF BLADE_GENERATE
-- ----------------------------
INSERT INTO "BLADE_GENERATE" VALUES ('1', '测试', 'E:\WORKSPACES\BLADE\SPRINGBLADE', 'COM.SMALLCHILL.GEN', 'NOTICE', 'BLADE_NOTICE', 'ID', NULL);

-- ----------------------------
-- TABLE STRUCTURE FOR BLADE_LOGIN_LOG
-- ----------------------------
DROP TABLE "BLADE_LOGIN_LOG";
CREATE TABLE "BLADE_LOGIN_LOG" (
"ID" NUMBER NOT NULL ,
"LOGNAME" NVARCHAR2(255) NULL ,
"USERID" NVARCHAR2(255) NULL ,
"CLASSNAME" NVARCHAR2(255) NULL ,
"METHOD" NVARCHAR2(2000) NULL ,
"CREATETIME" DATE NULL ,
"SUCCEED" NVARCHAR2(255) NULL ,
"MESSAGE" NVARCHAR2(2000) NULL
)
LOGGING
NOCOMPRESS
NOCACHE

;

-- ----------------------------
-- RECORDS OF BLADE_LOGIN_LOG
-- ----------------------------

-- ----------------------------
-- TABLE STRUCTURE FOR BLADE_MENU
-- ----------------------------
DROP TABLE "BLADE_MENU";
CREATE TABLE "BLADE_MENU" (
"ID" NUMBER NOT NULL ,
"CODE" NVARCHAR2(255) NULL ,
"PCODE" NVARCHAR2(255) NULL ,
"NAME" NVARCHAR2(255) NULL ,
"ICON" NVARCHAR2(255) NULL ,
"URL" NVARCHAR2(255) NULL ,
"NUM" NUMBER NULL ,
"LEVELS" NUMBER NULL ,
"SOURCE" NVARCHAR2(2000) NULL ,
"PATH" NVARCHAR2(255) NULL ,
"TIPS" NVARCHAR2(255) NULL ,
"STATUS" NUMBER NULL ,
"ISOPEN" VARCHAR2(255 BYTE) NULL ,
"ISTEMPLATE" VARCHAR2(255 BYTE) NULL ,
"VERSION" NUMBER(11) NULL ,
"ALIAS" VARCHAR2(255 BYTE) NULL
)
LOGGING
NOCOMPRESS
NOCACHE

;

-- ----------------------------
-- RECORDS OF BLADE_MENU
-- ----------------------------
INSERT INTO "BLADE_MENU" VALUES ('91', 'LLOG_VIEW', 'LLOG', '查看', 'BTN BTN-XS BTN-WHITE | FA FA-EYE BIGGER-120', '/LLOG/VIEW', '4', '4', NULL, 'LLOG_VIEW.HTML', NULL, '1', '0', '0', '0', 'VIEW');
INSERT INTO "BLADE_MENU" VALUES ('84', 'OLOG_ADD', 'OLOG', '新增', 'BTN BTN-XS BTN-WHITE | FA FA-FLOPPY-O BIGGER-120', '/OLOG/ADD', '1', '4', NULL, 'OLOG_ADD.HTML', NULL, '1', '0', '0', '0', 'ADD');
INSERT INTO "BLADE_MENU" VALUES ('56', 'PARAMETER', 'SYSTEM', '参数化管理', 'FA-TAGS', '/PARAMETER/', '9', '2', NULL, 'PARAMETER.HTML', NULL, '1', '0', '1', '0', NULL);
INSERT INTO "BLADE_MENU" VALUES ('57', 'PARAMETER_ADD', 'PARAMETER', '新增', 'BTN BTN-XS BTN-WHITE | FA FA-FLOPPY-O BIGGER-120', '/PARAMETER/ADD', '1', '3', NULL, 'PARAMETER_ADD.HTML', NULL, '1', '0', '0', '0', 'ADD');
INSERT INTO "BLADE_MENU" VALUES ('58', 'PARAMETER_EDIT', 'PARAMETER', '修改', 'BTN BTN-XS BTN-WHITE | FA FA-PENCIL  BIGGER-120', '/PARAMETER/EDIT', '2', '3', NULL, 'PARAMETER_EDIT.HTML', NULL, '1', '0', '0', '0', 'EDIT');
INSERT INTO "BLADE_MENU" VALUES ('59', 'PARAMETER_DEL', 'PARAMETER', '删除', 'BTN BTN-XS BTN-WHITE | FA FA-TIMES  BIGGER-120', '/PARAMETER/DEL', '3', '3', NULL, NULL, NULL, '1', '0', '0', '1', 'REMOVE');
INSERT INTO "BLADE_MENU" VALUES ('60', 'PARAMETER_VIEW', 'PARAMETER', '查看', 'BTN BTN-XS BTN-WHITE | FA FA-EYE BIGGER-120', '/PARAMETER/VIEW', '4', '3', NULL, 'PARAMETER_VIEW.HTML', NULL, '1', '0', '0', '0', 'VIEW');
INSERT INTO "BLADE_MENU" VALUES ('61', 'PARAMETER_RECYCLE', 'PARAMETER', '回收站', 'BTN BTN-XS BTN-WHITE | FA FA-RECYCLE  BIGGER-120', '{"STATUS":"5"}', '5', '3', NULL, 'PARAMETER_RECYCLE.HTML', NULL, '1', '0', '0', '0', 'RECYCLE');
INSERT INTO "BLADE_MENU" VALUES ('62', 'PARAMETER_RECYCLE_RESTORE', 'PARAMETER_RECYCLE', '还原', 'BTN BTN-XS BTN-WHITE | FA FA-REFRESH  BIGGER-120', '/PARAMETER/RESTORE', '1', '4', NULL, NULL, NULL, '1', '0', '0', '0', 'RESTORE');
INSERT INTO "BLADE_MENU" VALUES ('63', 'PARAMETER_RECYCLE_REMOVE', 'PARAMETER_RECYCLE', '彻底删除', 'BTN BTN-XS BTN-WHITE  BTN-DANGER | FA FA FA-TIMES BIGGER-120', '/PARAMETER/REMOVE', '2', '4', NULL, NULL, NULL, '1', '0', '0', '1', 'REMOVE');
INSERT INTO "BLADE_MENU" VALUES ('64', 'PARAMETER_RECYCLE_BACK', 'PARAMETER_RECYCLE', '返回', 'BTN BTN-XS BTN-WHITE | FA FA-UNDO  BIGGER-120', NULL, '3', '4', NULL, NULL, NULL, '1', '0', '0', '0', 'BACK');
INSERT INTO "BLADE_MENU" VALUES ('65', 'DRUID', 'SYSTEM', '连接池监视', 'FA-ARROWS-V', '/DRUID', '10', '2', NULL, NULL, NULL, '1', '0', NULL, '1', NULL);
INSERT INTO "BLADE_MENU" VALUES ('1', 'SYSTEM', '0', '系统管理', 'FA-COG', NULL, '9', '1', NULL, NULL, NULL, '1', '1', '0', '1', NULL);
INSERT INTO "BLADE_MENU" VALUES ('2', 'ROLE', 'SYSTEM', '角色管理', 'FA-KEY', '/ROLE/', '2', '2', NULL, NULL, NULL, '1', '0', NULL, '1', NULL);
INSERT INTO "BLADE_MENU" VALUES ('3', 'ROLE_ADD', 'ROLE', '角色新增', 'BTN BTN-XS BTN-WHITE | FA FA-FLOPPY-O BIGGER-120', '/ROLE/ADD', '1', '3', NULL, 'ROLE_ADD.HTML', '800*340', '1', '0', NULL, '1', 'ADDEX');
INSERT INTO "BLADE_MENU" VALUES ('98', 'ONLINE', 'SYSTEM', '在线开发', 'FA-ROCKET', NULL, '12', '2', NULL, NULL, '800*520', '1', '0', NULL, '1', NULL);
INSERT INTO "BLADE_MENU" VALUES ('99', 'GENERATE', 'ONLINE', '代码生成', 'FA-GAVEL', '/GENERATE/', '1', '3', NULL, NULL, '800*520', '1', '0', NULL, '1', NULL);
INSERT INTO "BLADE_MENU" VALUES ('100', 'GENERATE_ADD', 'GENERATE', '新增', 'BTN BTN-XS BTN-WHITE | FA FA-FLOPPY-O BIGGER-120', '/GENERATE/ADD', '1', '4', NULL, NULL, '800*420', '1', '0', NULL, '3', 'ADD');
INSERT INTO "BLADE_MENU" VALUES ('101', 'GENERATE_EDIT', 'GENERATE', '修改', 'BTN BTN-XS BTN-WHITE | FA FA-PENCIL  BIGGER-120', '/GENERATE/EDIT', '2', '4', NULL, NULL, '800*420', '1', '0', NULL, '3', 'EDIT');
INSERT INTO "BLADE_MENU" VALUES ('102', 'GENERATE_REMOVE', 'GENERATE', '删除', 'BTN BTN-XS BTN-WHITE | FA FA-TIMES  BIGGER-120', '/GENERATE/REMOVE', '3', '4', NULL, NULL, '800*520', '1', '0', NULL, NULL, 'REMOVE');
INSERT INTO "BLADE_MENU" VALUES ('103', 'GENERATE_VIEW', 'GENERATE', '查看', 'BTN BTN-XS BTN-WHITE | FA FA-EYE BIGGER-120', '/GENERATE/VIEW', '4', '4', NULL, NULL, '800*420', '1', '0', NULL, '3', 'VIEW');
INSERT INTO "BLADE_MENU" VALUES ('104', 'GENERATE_GENCODE', 'GENERATE', '代码生成', 'BTN BTN-XS BTN-WHITE | FA FA-GAVEL BIGGER-120', '/GENERATE/GENCODE', '5', '4', NULL, NULL, '800*520', '1', '0', NULL, '1', 'GENCODE');
INSERT INTO "BLADE_MENU" VALUES ('4', 'ROLE_EDIT', 'ROLE', '修改', 'BTN BTN-XS BTN-WHITE | FA FA-PENCIL  BIGGER-120', '/ROLE/EDIT', '2', '3', NULL, 'ROLE_EDIT.HTML', '800*340', '1', '0', '0', '1', 'EDIT');
INSERT INTO "BLADE_MENU" VALUES ('5', 'ROLE_REMOVE', 'ROLE', '删除', 'BTN BTN-XS BTN-WHITE | FA FA-TIMES  BIGGER-120', '/ROLE/REMOVE', '3', '3', NULL, NULL, NULL, '1', NULL, NULL, '0', 'REMOVE');
INSERT INTO "BLADE_MENU" VALUES ('6', 'ROLE_VIEW', 'ROLE', '查看', 'BTN BTN-XS BTN-WHITE | FA FA-EYE BIGGER-120', '/ROLE/VIEW', '4', '3', NULL, 'ROLE_VIEW.HTML', '800*340', '1', NULL, NULL, '1', 'VIEW');
INSERT INTO "BLADE_MENU" VALUES ('7', 'ROLE_AUTHORITY', 'ROLE', '权限配置', 'BTN BTN-XS BTN-WHITE | FA FA-WRENCH  BIGGER-120', '/ROLE/AUTHORITY', '5', '3', NULL, 'ROLE_AUTHORITY.HTML', '350*500', '1', NULL, NULL, '0', 'AUTHORITY');
INSERT INTO "BLADE_MENU" VALUES ('8', 'USER', 'SYSTEM', '用户管理', 'FA-USER', '/USER/', '1', '2', NULL, NULL, NULL, '1', NULL, NULL, '0', NULL);
INSERT INTO "BLADE_MENU" VALUES ('9', 'USER_ADD', 'USER', '新增', 'BTN BTN-XS BTN-WHITE | FA FA-FLOPPY-O BIGGER-120', '/USER/ADD', '1', '3', NULL, 'USER_ADD.HTML', '800*430', '1', NULL, NULL, '0', 'ADD');
INSERT INTO "BLADE_MENU" VALUES ('10', 'USER_EDIT', 'USER', '修改', 'BTN BTN-XS BTN-WHITE | FA FA-PENCIL  BIGGER-120', '/USER/EDIT', '2', '3', NULL, 'USER_EDIT.HTML', '800*430', '1', NULL, NULL, '0', 'EDIT');
INSERT INTO "BLADE_MENU" VALUES ('11', 'USER_DEL', 'USER', '删除', 'BTN BTN-XS BTN-WHITE | FA FA FA-TIMES BIGGER-120', '/USER/DEL', '3', '3', NULL, NULL, NULL, '1', NULL, NULL, '0', 'REMOVE');
INSERT INTO "BLADE_MENU" VALUES ('12', 'USER_VIEW', 'USER', '查看', 'BTN BTN-XS BTN-WHITE | FA FA-EYE BIGGER-120', '/USER/VIEW', '4', '3', NULL, 'USER_VIEW.HTML', '800*390', '1', NULL, NULL, '0', 'VIEW');
INSERT INTO "BLADE_MENU" VALUES ('13', 'USER_AUDIT', 'USER', '审核', 'BTN BTN-XS BTN-WHITE | FA FA-USER  BIGGER-120', '{"STATUS":"3"}', '5', '3', NULL, NULL, NULL, '1', NULL, NULL, '0', 'AUDIT');
INSERT INTO "BLADE_MENU" VALUES ('14', 'USER_AUDIT_OK', 'USER_AUDIT', '通过', 'BTN BTN-XS BTN-WHITE | FA FA-CHECK  BIGGER-120', '/USER/AUDITOK', '1', '4', NULL, NULL, NULL, '1', NULL, NULL, '0', 'OK');
INSERT INTO "BLADE_MENU" VALUES ('15', 'USER_AUDIT_REFUSE', 'USER_AUDIT', '拒绝', 'BTN BTN-XS BTN-WHITE | FA FA-TIMES  BIGGER-120', '/USER/AUDITREFUSE', '2', '4', NULL, NULL, NULL, '1', NULL, NULL, '0', 'REFUSE');
INSERT INTO "BLADE_MENU" VALUES ('16', 'USER_AUDIT_BACK', 'USER_AUDIT', '返回', 'BTN BTN-XS BTN-WHITE | FA FA-UNDO  BIGGER-120', NULL, '3', '4', NULL, NULL, NULL, '1', NULL, NULL, '0', 'BACK');
INSERT INTO "BLADE_MENU" VALUES ('17', 'USER_RESET', 'USER', '重置密码', 'BTN BTN-XS BTN-WHITE | FA FA-KEY  BIGGER-120', '/USER/RESET', '6', '3', NULL, NULL, NULL, '1', NULL, NULL, '0', 'RESET');
INSERT INTO "BLADE_MENU" VALUES ('18', 'USER_BAN', 'USER', '冻结', 'BTN BTN-XS BTN-WHITE | FA FA-BAN  BIGGER-120', '/USER/BAN', '7', '3', NULL, NULL, NULL, '1', NULL, NULL, '0', 'FROZEN');
INSERT INTO "BLADE_MENU" VALUES ('19', 'USER_RECYCLE', 'USER', '回收站', 'BTN BTN-XS BTN-WHITE | FA FA-RECYCLE  BIGGER-120', '{"STATUS":"5"}', '8', '3', NULL, NULL, NULL, '1', NULL, NULL, '0', 'RECYCLE');
INSERT INTO "BLADE_MENU" VALUES ('20', 'USER_RECYCLE_RESTORE', 'USER_RECYCLE', '还原', 'BTN BTN-XS BTN-WHITE | FA FA-REFRESH  BIGGER-120', '/USER/RESTORE', '1', '4', NULL, NULL, NULL, '1', NULL, NULL, '0', 'RESTORE');
INSERT INTO "BLADE_MENU" VALUES ('21', 'USER_RECYCLE_REMOVE', 'USER_RECYCLE', '彻底删除', 'BTN BTN-XS BTN-WHITE  BTN-DANGER | FA FA FA-TIMES BIGGER-120', '/USER/REMOVE', '2', '4', NULL, NULL, NULL, '1', NULL, NULL, '0', 'REMOVE');
INSERT INTO "BLADE_MENU" VALUES ('22', 'USER_RECYCLE_BACK', 'USER_RECYCLE', '返回', 'BTN BTN-XS BTN-WHITE | FA FA-UNDO  BIGGER-120', NULL, '3', '4', NULL, NULL, NULL, '1', NULL, NULL, '0', 'BACK');
INSERT INTO "BLADE_MENU" VALUES ('24', 'USER_EXTROLE', 'USER', '权限代理', 'BTN BTN-XS BTN-WHITE | FA FA-WRENCH  BIGGER-120', '/USER/EXTROLE', '10', '3', NULL, 'USER_EXTROLE.HTML', NULL, '1', NULL, NULL, '0', 'AGENT');
INSERT INTO "BLADE_MENU" VALUES ('25', 'MENU', 'SYSTEM', '菜单管理', 'FA-TASKS', '/MENU/', '3', '2', NULL, NULL, NULL, '1', NULL, NULL, '0', NULL);
INSERT INTO "BLADE_MENU" VALUES ('26', 'MENU_ADD', 'MENU', '菜单新增', 'BTN BTN-XS BTN-WHITE | FA FA-FLOPPY-O BIGGER-120', '/MENU/ADD', '1', '3', NULL, 'MENU_ADD.HTML', '800*430', '1', '0', '0', '1', 'ADDEX');
INSERT INTO "BLADE_MENU" VALUES ('27', 'MENU_EDIT', 'MENU', '修改', 'BTN BTN-XS BTN-WHITE | FA FA-PENCIL  BIGGER-120', '/MENU/EDIT', '2', '3', NULL, 'MENU_EDIT.HTML', '800*430', '1', '0', '0', '1', 'EDIT');
INSERT INTO "BLADE_MENU" VALUES ('28', 'MENU_DEL', 'MENU', '删除', 'BTN BTN-XS BTN-WHITE | FA FA-TIMES  BIGGER-120', '/MENU/DEL', '3', '3', NULL, NULL, NULL, '1', '0', NULL, '1', 'REMOVE');
INSERT INTO "BLADE_MENU" VALUES ('29', 'MENU_VIEW', 'MENU', '查看', 'BTN BTN-XS BTN-WHITE | FA FA-EYE BIGGER-120', '/MENU/VIEW', '4', '3', NULL, 'MENU_VIEW.HTML', '800*430', '1', '0', '0', '1', 'VIEW');
INSERT INTO "BLADE_MENU" VALUES ('30', 'MENU_RECYCLE', 'MENU', '回收站', 'BTN BTN-XS BTN-WHITE | FA FA-RECYCLE  BIGGER-120', '{"STATUS":"2"}', '5', '3', NULL, NULL, NULL, '1', NULL, NULL, '0', 'RECYCLE');
INSERT INTO "BLADE_MENU" VALUES ('31', 'MENU_RECYCLE_RESTORE', 'MENU_RECYCLE', '还原', 'BTN BTN-XS BTN-WHITE | FA FA-REFRESH  BIGGER-120', '/MENU/RESTORE', '1', '4', NULL, NULL, NULL, '1', NULL, NULL, '0', 'RESTORE');
INSERT INTO "BLADE_MENU" VALUES ('32', 'MENU_RECYCLE_REMOVE', 'MENU_RECYCLE', '彻底删除', 'BTN BTN-XS BTN-WHITE  BTN-DANGER | FA FA FA-TIMES BIGGER-120', '/MENU/REMOVE', '2', '4', NULL, NULL, NULL, '1', '0', NULL, '1', 'REMOVE');
INSERT INTO "BLADE_MENU" VALUES ('33', 'MENU_RECYCLE_BACK', 'MENU_RECYCLE', '返回', 'BTN BTN-XS BTN-WHITE | FA FA-UNDO  BIGGER-120', NULL, '3', '4', NULL, NULL, NULL, '1', NULL, NULL, '0', 'BACK');
INSERT INTO "BLADE_MENU" VALUES ('34', 'DICT', 'SYSTEM', '字典管理', 'FA FA-BOOK', '/DICT/', '4', '2', NULL, NULL, NULL, '1', NULL, NULL, '0', NULL);
INSERT INTO "BLADE_MENU" VALUES ('35', 'DICT_ADD', 'DICT', '字典新增', 'BTN BTN-XS BTN-WHITE | FA FA-FLOPPY-O BIGGER-120', '/DICT/ADD', '1', '3', NULL, 'DICT_ADD.HTML', '800*390', '1', NULL, NULL, '0', 'ADDEX');
INSERT INTO "BLADE_MENU" VALUES ('36', 'DICT_EDIT', 'DICT', '修改', 'BTN BTN-XS BTN-WHITE | FA FA-PENCIL  BIGGER-120', '/DICT/EDIT', '2', '3', NULL, 'DICT_EDIT.HTML', '800*390', '1', NULL, NULL, '0', 'EDIT');
INSERT INTO "BLADE_MENU" VALUES ('37', 'DICT_REMOVE', 'DICT', '删除', 'BTN BTN-XS BTN-WHITE | FA FA-TIMES  BIGGER-120', '/DICT/REMOVE', '3', '3', NULL, NULL, NULL, '1', NULL, NULL, '0', 'REMOVE');
INSERT INTO "BLADE_MENU" VALUES ('38', 'DICT_VIEW', 'DICT', '查看', 'BTN BTN-XS BTN-WHITE | FA FA-EYE BIGGER-120', '/DICT/VIEW', '4', '3', NULL, 'DICT_VIEW.HTML', '800*390', '1', NULL, NULL, '0', 'VIEW');
INSERT INTO "BLADE_MENU" VALUES ('39', 'DEPT', 'SYSTEM', '部门管理', 'FA FA-USERS', '/DEPT/', '5', '2', NULL, NULL, NULL, '1', NULL, NULL, '0', NULL);
INSERT INTO "BLADE_MENU" VALUES ('40', 'DEPT_ADD', 'DEPT', '部门新增', 'BTN BTN-XS BTN-WHITE | FA FA-FLOPPY-O BIGGER-120', '/DEPT/ADD', '1', '3', NULL, 'DEPT_ADD.HTML', '800*340', '1', NULL, NULL, '0', 'ADDEX');
INSERT INTO "BLADE_MENU" VALUES ('41', 'DEPT_EDIT', 'DEPT', '修改', 'BTN BTN-XS BTN-WHITE | FA FA-PENCIL  BIGGER-120', '/DEPT/EDIT', '2', '3', NULL, 'DEPT_EDIT.HTML', '800*340', '1', NULL, NULL, '0', 'EDIT');
INSERT INTO "BLADE_MENU" VALUES ('42', 'DEPT_REMOVE', 'DEPT', '删除', 'BTN BTN-XS BTN-WHITE | FA FA-TIMES  BIGGER-120', '/DEPT/REMOVE', '3', '3', NULL, NULL, NULL, '1', NULL, NULL, '0', 'REMOVE');
INSERT INTO "BLADE_MENU" VALUES ('43', 'DEPT_VIEW', 'DEPT', '查看', 'BTN BTN-XS BTN-WHITE | FA FA-EYE BIGGER-120', '/DEPT/VIEW', '4', '3', NULL, 'DEPT_VIEW.HTML', '800*340', '1', '0', '0', '0', 'VIEW');
INSERT INTO "BLADE_MENU" VALUES ('44', 'ATTACH', 'SYSTEM', '附件管理', 'FA FA-PAPERCLIP', '/ATTACH/', '6', '2', NULL, 'ATTACH.HTML', NULL, '1', '0', '0', '0', NULL);
INSERT INTO "BLADE_MENU" VALUES ('45', 'ATTACH_ADD', 'ATTACH', '新增', 'BTN BTN-XS BTN-WHITE | FA FA-FLOPPY-O BIGGER-120', '/ATTACH/ADD', '1', '3', NULL, 'ATTACH_ADD.HTML', '800*450', '1', '0', '0', '0', 'ADD');
INSERT INTO "BLADE_MENU" VALUES ('46', 'ATTACH_EDIT', 'ATTACH', '修改', 'BTN BTN-XS BTN-WHITE | FA FA-PENCIL  BIGGER-120', '/ATTACH/EDIT', '2', '3', NULL, 'ATTACH_EDIT.HTML', '800*290', '1', '0', NULL, '0', 'EDIT');
INSERT INTO "BLADE_MENU" VALUES ('47', 'ATTACH_REMOVE', 'ATTACH', '删除', 'BTN BTN-XS BTN-WHITE | FA FA-TIMES  BIGGER-120', '/ATTACH/REMOVE', '3', '3', NULL, NULL, NULL, '1', NULL, NULL, '0', 'REMOVE');
INSERT INTO "BLADE_MENU" VALUES ('48', 'ATTACH_VIEW', 'ATTACH', '查看', 'BTN BTN-XS BTN-WHITE | FA FA-EYE BIGGER-120', '/ATTACH/VIEW', '4', '3', NULL, 'ATTACH_VIEW.HTML', '800*450', '1', '0', '0', '1', 'VIEW');
INSERT INTO "BLADE_MENU" VALUES ('49', 'ATTACH_DOWNLOAD', 'ATTACH', '下载', 'BTN BTN-XS BTN-WHITE | FA FA-PAPERCLIP BIGGER-120', '/ATTACH/DOWNLOAD', '5', '3', NULL, NULL, NULL, '1', NULL, NULL, '0', 'DOWNLOAD');
INSERT INTO "BLADE_MENU" VALUES ('92', 'OFFICE', '0', '工作台', 'FA FA-DESKTOP', NULL, '1', '1', NULL, NULL, NULL, '1', NULL, NULL, '1', NULL);
INSERT INTO "BLADE_MENU" VALUES ('93', 'NOTICE', 'OFFICE', '通知公告', 'FA FA-BELL', '/NOTICE/', '1', '2', NULL, 'NOTICE.HTML', NULL, '1', '0', '1', '0', NULL);
INSERT INTO "BLADE_MENU" VALUES ('94', 'NOTICE_ADD', 'NOTICE', '新增', 'BTN BTN-XS BTN-WHITE | FA FA-FLOPPY-O BIGGER-120', '/NOTICE/ADD', '1', '3', NULL, 'NOTICE_ADD.HTML', '800*450', '1', '0', '0', '0', 'ADD');
INSERT INTO "BLADE_MENU" VALUES ('95', 'NOTICE_EDIT', 'NOTICE', '修改', 'BTN BTN-XS BTN-WHITE | FA FA-PENCIL  BIGGER-120', '/NOTICE/EDIT', '2', '3', NULL, 'NOTICE_EDIT.HTML', '800*450', '1', '0', '0', '1', 'EDIT');
INSERT INTO "BLADE_MENU" VALUES ('96', 'NOTICE_REMOVE', 'NOTICE', '删除', 'BTN BTN-XS BTN-WHITE | FA FA-TIMES  BIGGER-120', '/NOTICE/REMOVE', '3', '3', NULL, NULL, NULL, '1', '0', '0', '0', 'REMOVE');
INSERT INTO "BLADE_MENU" VALUES ('97', 'NOTICE_VIEW', 'NOTICE', '查看', 'BTN BTN-XS BTN-WHITE | FA FA-EYE BIGGER-120', '/NOTICE/VIEW', '4', '3', NULL, NULL, '800*450', '1', '0', '0', '0', 'VIEW');
INSERT INTO "BLADE_MENU" VALUES ('23', 'USER_ROLEASSIGN', 'USER', '角色分配', 'BTN BTN-XS BTN-WHITE | FA FA-USERS BIGGER-120', '/USER/ROLEASSIGN', '9', '3', NULL, 'USER_ROLEASSIGN.HTML', '350*500', '1', NULL, NULL, '0', 'ASSIGN');
INSERT INTO "BLADE_MENU" VALUES ('81', 'LOG', 'SYSTEM', '日志管理', 'FA-TASKS', NULL, '11', '2', NULL, NULL, NULL, '1', '0', '0', '1', NULL);
INSERT INTO "BLADE_MENU" VALUES ('82', 'OLOG', 'LOG', '操作日志', 'FA-DATABASE', '/OLOG/', '1', '3', NULL, 'OLOG.HTML', NULL, '1', '0', '0', '0', NULL);
INSERT INTO "BLADE_MENU" VALUES ('83', 'LLOG', 'LOG', '登录日志', 'FA-SIGN-IN', '/LLOG/', '2', '3', NULL, 'LLOG.HTML', NULL, '1', '0', '1', '0', NULL);
INSERT INTO "BLADE_MENU" VALUES ('85', 'OLOG_EDIT', 'OLOG', '修改', 'BTN BTN-XS BTN-WHITE | FA FA-PENCIL  BIGGER-120', '/OLOG/EDIT', '2', '4', NULL, 'OLOG_EDIT.HTML', NULL, '1', '0', '0', '0', 'EDIT');
INSERT INTO "BLADE_MENU" VALUES ('86', 'OLOG_REMOVE', 'OLOG', '删除', 'BTN BTN-XS BTN-WHITE | FA FA-TIMES  BIGGER-120', '/OLOG/REMOVE', '3', '4', NULL, NULL, NULL, '1', '0', '0', '0', 'REMOVE');
INSERT INTO "BLADE_MENU" VALUES ('87', 'OLOG_VIEW', 'OLOG', '查看', 'BTN BTN-XS BTN-WHITE | FA FA-EYE BIGGER-120', '/OLOG/VIEW', '4', '4', NULL, 'OLOG_VIEW.HTML', NULL, '1', '0', '0', '0', 'VIEW');
INSERT INTO "BLADE_MENU" VALUES ('88', 'LLOG_ADD', 'LLOG', '新增', 'BTN BTN-XS BTN-WHITE | FA FA-FLOPPY-O BIGGER-120', '/LLOG/ADD', '1', '4', NULL, 'LLOG_ADD.HTML', NULL, '1', '0', '0', '0', 'ADD');
INSERT INTO "BLADE_MENU" VALUES ('89', 'LLOG_EDIT', 'LLOG', '修改', 'BTN BTN-XS BTN-WHITE | FA FA-PENCIL  BIGGER-120', '/LLOG/EDIT', '2', '4', NULL, 'LLOG_EDIT.HTML', NULL, '1', '0', '0', '0', 'EDIT');
INSERT INTO "BLADE_MENU" VALUES ('90', 'LLOG_REMOVE', 'LLOG', '删除', 'BTN BTN-XS BTN-WHITE | FA FA-TIMES  BIGGER-120', '/LLOG/REMOVE', '3', '4', NULL, NULL, NULL, '1', '0', '0', '0', 'REMOVE');

-- ----------------------------
-- TABLE STRUCTURE FOR BLADE_NOTICE
-- ----------------------------
DROP TABLE "BLADE_NOTICE";
CREATE TABLE "BLADE_NOTICE" (
"ID" NUMBER(11) NOT NULL ,
"TITLE" NVARCHAR2(255) NULL ,
"TYPE" NUMBER(11) NULL ,
"CONTENT" NVARCHAR2(2000) NULL ,
"PUBLISHTIME" DATE NULL ,
"CREATETIME" DATE NULL ,
"CREATER" NUMBER(11) NULL ,
"PIC" NUMBER(11) NULL ,
"VERSION" NUMBER(11) NULL
)
LOGGING
NOCOMPRESS
NOCACHE

;

-- ----------------------------
-- RECORDS OF BLADE_NOTICE
-- ----------------------------
INSERT INTO "BLADE_NOTICE" VALUES ('1449', '测试', '1', '12', TO_DATE('2017-01-24 00:00:00', 'YYYY-MM-DD HH24:MI:SS'), TO_DATE('2017-01-12 09:58:04', 'YYYY-MM-DD HH24:MI:SS'), '1', NULL, NULL);
INSERT INTO "BLADE_NOTICE" VALUES ('1450', '测试233', '10', '123', TO_DATE('2017-02-15 12:00:00', 'YYYY-MM-DD HH24:MI:SS'), TO_DATE('2017-01-12 13:32:59', 'YYYY-MM-DD HH24:MI:SS'), '1', NULL, '2');

-- ----------------------------
-- TABLE STRUCTURE FOR BLADE_OPERATION_LOG
-- ----------------------------
DROP TABLE "BLADE_OPERATION_LOG";
CREATE TABLE "BLADE_OPERATION_LOG" (
"ID" NUMBER NOT NULL ,
"LOGNAME" NVARCHAR2(255) NULL ,
"USERID" NVARCHAR2(255) NULL ,
"CLASSNAME" NVARCHAR2(255) NULL ,
"METHOD" NVARCHAR2(2000) NULL ,
"CREATETIME" DATE NULL ,
"SUCCEED" NVARCHAR2(255) NULL ,
"MESSAGE" NVARCHAR2(2000) NULL
)
LOGGING
NOCOMPRESS
NOCACHE

;

-- ----------------------------
-- RECORDS OF BLADE_OPERATION_LOG
-- ----------------------------

-- ----------------------------
-- TABLE STRUCTURE FOR BLADE_PARAMETER
-- ----------------------------
DROP TABLE "BLADE_PARAMETER";
CREATE TABLE "BLADE_PARAMETER" (
"ID" NUMBER(11) NOT NULL ,
"CODE" NVARCHAR2(255) NULL ,
"NUM" NUMBER(11) NULL ,
"NAME" NVARCHAR2(255) NULL ,
"PARA" NVARCHAR2(2000) NULL ,
"TIPS" NVARCHAR2(255) NULL ,
"STATUS" NUMBER(11) NULL ,
"VERSION" NUMBER(11) NULL
)
LOGGING
NOCOMPRESS
NOCACHE

;

-- ----------------------------
-- RECORDS OF BLADE_PARAMETER
-- ----------------------------
INSERT INTO "BLADE_PARAMETER" VALUES ('1', '101', '100', '是否开启记录日志', '2', '1:是  2:否', '1', '7');

-- ----------------------------
-- TABLE STRUCTURE FOR BLADE_RELATION
-- ----------------------------
DROP TABLE "BLADE_RELATION";
CREATE TABLE "BLADE_RELATION" (
"ID" NUMBER(11) NOT NULL ,
"MENUID" NUMBER(11) NULL ,
"ROLEID" NUMBER(11) NULL
)
LOGGING
NOCOMPRESS
NOCACHE

;

-- ----------------------------
-- RECORDS OF BLADE_RELATION
-- ----------------------------
INSERT INTO "BLADE_RELATION" VALUES ('1544', '92', '1');
INSERT INTO "BLADE_RELATION" VALUES ('1545', '93', '1');
INSERT INTO "BLADE_RELATION" VALUES ('1546', '94', '1');
INSERT INTO "BLADE_RELATION" VALUES ('1547', '95', '1');
INSERT INTO "BLADE_RELATION" VALUES ('1548', '96', '1');
INSERT INTO "BLADE_RELATION" VALUES ('1549', '97', '1');
INSERT INTO "BLADE_RELATION" VALUES ('1550', '109', '1');
INSERT INTO "BLADE_RELATION" VALUES ('1551', '110', '1');
INSERT INTO "BLADE_RELATION" VALUES ('1552', '111', '1');
INSERT INTO "BLADE_RELATION" VALUES ('1553', '112', '1');
INSERT INTO "BLADE_RELATION" VALUES ('1554', '113', '1');
INSERT INTO "BLADE_RELATION" VALUES ('1555', '98', '1');
INSERT INTO "BLADE_RELATION" VALUES ('1556', '99', '1');
INSERT INTO "BLADE_RELATION" VALUES ('1557', '100', '1');
INSERT INTO "BLADE_RELATION" VALUES ('1558', '101', '1');
INSERT INTO "BLADE_RELATION" VALUES ('1559', '102', '1');
INSERT INTO "BLADE_RELATION" VALUES ('1560', '103', '1');
INSERT INTO "BLADE_RELATION" VALUES ('1561', '104', '1');
INSERT INTO "BLADE_RELATION" VALUES ('1562', '105', '1');
INSERT INTO "BLADE_RELATION" VALUES ('1563', '106', '1');
INSERT INTO "BLADE_RELATION" VALUES ('1564', '107', '1');
INSERT INTO "BLADE_RELATION" VALUES ('1565', '225', '1');
INSERT INTO "BLADE_RELATION" VALUES ('1566', '1', '1');
INSERT INTO "BLADE_RELATION" VALUES ('1567', '8', '1');
INSERT INTO "BLADE_RELATION" VALUES ('1568', '9', '1');
INSERT INTO "BLADE_RELATION" VALUES ('1569', '10', '1');
INSERT INTO "BLADE_RELATION" VALUES ('1570', '11', '1');
INSERT INTO "BLADE_RELATION" VALUES ('1571', '12', '1');
INSERT INTO "BLADE_RELATION" VALUES ('1572', '13', '1');
INSERT INTO "BLADE_RELATION" VALUES ('1573', '14', '1');
INSERT INTO "BLADE_RELATION" VALUES ('1574', '15', '1');
INSERT INTO "BLADE_RELATION" VALUES ('1575', '16', '1');
INSERT INTO "BLADE_RELATION" VALUES ('1576', '17', '1');
INSERT INTO "BLADE_RELATION" VALUES ('1577', '18', '1');
INSERT INTO "BLADE_RELATION" VALUES ('1578', '19', '1');
INSERT INTO "BLADE_RELATION" VALUES ('1579', '20', '1');
INSERT INTO "BLADE_RELATION" VALUES ('1580', '21', '1');
INSERT INTO "BLADE_RELATION" VALUES ('1581', '22', '1');
INSERT INTO "BLADE_RELATION" VALUES ('1582', '23', '1');
INSERT INTO "BLADE_RELATION" VALUES ('1583', '24', '1');
INSERT INTO "BLADE_RELATION" VALUES ('1584', '2', '1');
INSERT INTO "BLADE_RELATION" VALUES ('1585', '3', '1');
INSERT INTO "BLADE_RELATION" VALUES ('1586', '4', '1');
INSERT INTO "BLADE_RELATION" VALUES ('1587', '5', '1');
INSERT INTO "BLADE_RELATION" VALUES ('1588', '6', '1');
INSERT INTO "BLADE_RELATION" VALUES ('1589', '7', '1');
INSERT INTO "BLADE_RELATION" VALUES ('1590', '25', '1');
INSERT INTO "BLADE_RELATION" VALUES ('1591', '26', '1');
INSERT INTO "BLADE_RELATION" VALUES ('1592', '27', '1');
INSERT INTO "BLADE_RELATION" VALUES ('1593', '28', '1');
INSERT INTO "BLADE_RELATION" VALUES ('1594', '29', '1');
INSERT INTO "BLADE_RELATION" VALUES ('1595', '30', '1');
INSERT INTO "BLADE_RELATION" VALUES ('1596', '31', '1');
INSERT INTO "BLADE_RELATION" VALUES ('1597', '32', '1');
INSERT INTO "BLADE_RELATION" VALUES ('1598', '33', '1');
INSERT INTO "BLADE_RELATION" VALUES ('1599', '34', '1');
INSERT INTO "BLADE_RELATION" VALUES ('1600', '35', '1');
INSERT INTO "BLADE_RELATION" VALUES ('1601', '36', '1');
INSERT INTO "BLADE_RELATION" VALUES ('1602', '37', '1');
INSERT INTO "BLADE_RELATION" VALUES ('1603', '38', '1');
INSERT INTO "BLADE_RELATION" VALUES ('1604', '39', '1');
INSERT INTO "BLADE_RELATION" VALUES ('1605', '40', '1');
INSERT INTO "BLADE_RELATION" VALUES ('1606', '41', '1');
INSERT INTO "BLADE_RELATION" VALUES ('1607', '42', '1');
INSERT INTO "BLADE_RELATION" VALUES ('1608', '43', '1');
INSERT INTO "BLADE_RELATION" VALUES ('1609', '44', '1');
INSERT INTO "BLADE_RELATION" VALUES ('1610', '45', '1');
INSERT INTO "BLADE_RELATION" VALUES ('1611', '46', '1');
INSERT INTO "BLADE_RELATION" VALUES ('1612', '47', '1');
INSERT INTO "BLADE_RELATION" VALUES ('1613', '48', '1');
INSERT INTO "BLADE_RELATION" VALUES ('1614', '49', '1');
INSERT INTO "BLADE_RELATION" VALUES ('1615', '50', '1');
INSERT INTO "BLADE_RELATION" VALUES ('1616', '51', '1');
INSERT INTO "BLADE_RELATION" VALUES ('1617', '52', '1');
INSERT INTO "BLADE_RELATION" VALUES ('1618', '53', '1');
INSERT INTO "BLADE_RELATION" VALUES ('1619', '54', '1');
INSERT INTO "BLADE_RELATION" VALUES ('1620', '55', '1');
INSERT INTO "BLADE_RELATION" VALUES ('1621', '56', '1');
INSERT INTO "BLADE_RELATION" VALUES ('1622', '57', '1');
INSERT INTO "BLADE_RELATION" VALUES ('1623', '58', '1');
INSERT INTO "BLADE_RELATION" VALUES ('1624', '59', '1');
INSERT INTO "BLADE_RELATION" VALUES ('1625', '60', '1');
INSERT INTO "BLADE_RELATION" VALUES ('1626', '61', '1');
INSERT INTO "BLADE_RELATION" VALUES ('1627', '62', '1');
INSERT INTO "BLADE_RELATION" VALUES ('1628', '63', '1');
INSERT INTO "BLADE_RELATION" VALUES ('1629', '64', '1');
INSERT INTO "BLADE_RELATION" VALUES ('1630', '65', '1');
INSERT INTO "BLADE_RELATION" VALUES ('1631', '81', '1');
INSERT INTO "BLADE_RELATION" VALUES ('1632', '82', '1');
INSERT INTO "BLADE_RELATION" VALUES ('1633', '84', '1');
INSERT INTO "BLADE_RELATION" VALUES ('1634', '85', '1');
INSERT INTO "BLADE_RELATION" VALUES ('1635', '86', '1');
INSERT INTO "BLADE_RELATION" VALUES ('1636', '87', '1');
INSERT INTO "BLADE_RELATION" VALUES ('1637', '83', '1');
INSERT INTO "BLADE_RELATION" VALUES ('1638', '88', '1');
INSERT INTO "BLADE_RELATION" VALUES ('1639', '89', '1');
INSERT INTO "BLADE_RELATION" VALUES ('1640', '90', '1');
INSERT INTO "BLADE_RELATION" VALUES ('1641', '91', '1');
INSERT INTO "BLADE_RELATION" VALUES ('1657', '81', '4');
INSERT INTO "BLADE_RELATION" VALUES ('1658', '82', '4');
INSERT INTO "BLADE_RELATION" VALUES ('1659', '84', '4');
INSERT INTO "BLADE_RELATION" VALUES ('1660', '85', '4');
INSERT INTO "BLADE_RELATION" VALUES ('1661', '86', '4');
INSERT INTO "BLADE_RELATION" VALUES ('1662', '87', '4');
INSERT INTO "BLADE_RELATION" VALUES ('1663', '83', '4');
INSERT INTO "BLADE_RELATION" VALUES ('1664', '88', '4');
INSERT INTO "BLADE_RELATION" VALUES ('1665', '89', '4');
INSERT INTO "BLADE_RELATION" VALUES ('1666', '90', '4');
INSERT INTO "BLADE_RELATION" VALUES ('1667', '91', '4');
INSERT INTO "BLADE_RELATION" VALUES ('1668', '81', '5');
INSERT INTO "BLADE_RELATION" VALUES ('1669', '82', '5');
INSERT INTO "BLADE_RELATION" VALUES ('1670', '84', '5');
INSERT INTO "BLADE_RELATION" VALUES ('1671', '85', '5');
INSERT INTO "BLADE_RELATION" VALUES ('1672', '86', '5');
INSERT INTO "BLADE_RELATION" VALUES ('1673', '87', '5');
INSERT INTO "BLADE_RELATION" VALUES ('821', '73', '2');
INSERT INTO "BLADE_RELATION" VALUES ('822', '74', '2');
INSERT INTO "BLADE_RELATION" VALUES ('823', '75', '2');
INSERT INTO "BLADE_RELATION" VALUES ('824', '76', '2');
INSERT INTO "BLADE_RELATION" VALUES ('825', '77', '2');
INSERT INTO "BLADE_RELATION" VALUES ('826', '78', '2');
INSERT INTO "BLADE_RELATION" VALUES ('827', '79', '2');
INSERT INTO "BLADE_RELATION" VALUES ('828', '80', '2');
INSERT INTO "BLADE_RELATION" VALUES ('829', '81', '2');
INSERT INTO "BLADE_RELATION" VALUES ('830', '82', '2');
INSERT INTO "BLADE_RELATION" VALUES ('831', '83', '2');
INSERT INTO "BLADE_RELATION" VALUES ('832', '84', '2');
INSERT INTO "BLADE_RELATION" VALUES ('833', '85', '2');
INSERT INTO "BLADE_RELATION" VALUES ('834', '86', '2');
INSERT INTO "BLADE_RELATION" VALUES ('835', '87', '2');
INSERT INTO "BLADE_RELATION" VALUES ('836', '88', '2');
INSERT INTO "BLADE_RELATION" VALUES ('837', '89', '2');
INSERT INTO "BLADE_RELATION" VALUES ('838', '90', '2');
INSERT INTO "BLADE_RELATION" VALUES ('839', '91', '2');
INSERT INTO "BLADE_RELATION" VALUES ('840', '92', '2');
INSERT INTO "BLADE_RELATION" VALUES ('841', '93', '2');
INSERT INTO "BLADE_RELATION" VALUES ('842', '94', '2');
INSERT INTO "BLADE_RELATION" VALUES ('843', '95', '2');
INSERT INTO "BLADE_RELATION" VALUES ('844', '96', '2');
INSERT INTO "BLADE_RELATION" VALUES ('845', '97', '2');
INSERT INTO "BLADE_RELATION" VALUES ('846', '98', '2');
INSERT INTO "BLADE_RELATION" VALUES ('847', '99', '2');
INSERT INTO "BLADE_RELATION" VALUES ('848', '100', '2');
INSERT INTO "BLADE_RELATION" VALUES ('849', '101', '2');
INSERT INTO "BLADE_RELATION" VALUES ('850', '102', '2');
INSERT INTO "BLADE_RELATION" VALUES ('851', '1', '2');
INSERT INTO "BLADE_RELATION" VALUES ('852', '8', '2');
INSERT INTO "BLADE_RELATION" VALUES ('853', '9', '2');
INSERT INTO "BLADE_RELATION" VALUES ('854', '10', '2');
INSERT INTO "BLADE_RELATION" VALUES ('855', '11', '2');
INSERT INTO "BLADE_RELATION" VALUES ('856', '12', '2');
INSERT INTO "BLADE_RELATION" VALUES ('857', '13', '2');
INSERT INTO "BLADE_RELATION" VALUES ('858', '14', '2');
INSERT INTO "BLADE_RELATION" VALUES ('859', '15', '2');
INSERT INTO "BLADE_RELATION" VALUES ('860', '16', '2');
INSERT INTO "BLADE_RELATION" VALUES ('861', '17', '2');
INSERT INTO "BLADE_RELATION" VALUES ('862', '18', '2');
INSERT INTO "BLADE_RELATION" VALUES ('863', '19', '2');
INSERT INTO "BLADE_RELATION" VALUES ('864', '20', '2');
INSERT INTO "BLADE_RELATION" VALUES ('865', '21', '2');
INSERT INTO "BLADE_RELATION" VALUES ('866', '22', '2');
INSERT INTO "BLADE_RELATION" VALUES ('867', '23', '2');
INSERT INTO "BLADE_RELATION" VALUES ('868', '24', '2');
INSERT INTO "BLADE_RELATION" VALUES ('869', '2', '2');
INSERT INTO "BLADE_RELATION" VALUES ('870', '3', '2');
INSERT INTO "BLADE_RELATION" VALUES ('871', '4', '2');
INSERT INTO "BLADE_RELATION" VALUES ('872', '5', '2');
INSERT INTO "BLADE_RELATION" VALUES ('873', '6', '2');
INSERT INTO "BLADE_RELATION" VALUES ('874', '7', '2');
INSERT INTO "BLADE_RELATION" VALUES ('875', '25', '2');
INSERT INTO "BLADE_RELATION" VALUES ('876', '26', '2');
INSERT INTO "BLADE_RELATION" VALUES ('877', '27', '2');
INSERT INTO "BLADE_RELATION" VALUES ('878', '28', '2');
INSERT INTO "BLADE_RELATION" VALUES ('879', '29', '2');
INSERT INTO "BLADE_RELATION" VALUES ('880', '30', '2');
INSERT INTO "BLADE_RELATION" VALUES ('881', '31', '2');
INSERT INTO "BLADE_RELATION" VALUES ('882', '32', '2');
INSERT INTO "BLADE_RELATION" VALUES ('883', '33', '2');
INSERT INTO "BLADE_RELATION" VALUES ('884', '34', '2');
INSERT INTO "BLADE_RELATION" VALUES ('885', '35', '2');
INSERT INTO "BLADE_RELATION" VALUES ('886', '36', '2');
INSERT INTO "BLADE_RELATION" VALUES ('887', '37', '2');
INSERT INTO "BLADE_RELATION" VALUES ('888', '38', '2');
INSERT INTO "BLADE_RELATION" VALUES ('889', '39', '2');
INSERT INTO "BLADE_RELATION" VALUES ('890', '40', '2');
INSERT INTO "BLADE_RELATION" VALUES ('891', '41', '2');
INSERT INTO "BLADE_RELATION" VALUES ('892', '42', '2');
INSERT INTO "BLADE_RELATION" VALUES ('893', '43', '2');
INSERT INTO "BLADE_RELATION" VALUES ('894', '44', '2');
INSERT INTO "BLADE_RELATION" VALUES ('895', '45', '2');
INSERT INTO "BLADE_RELATION" VALUES ('896', '46', '2');
INSERT INTO "BLADE_RELATION" VALUES ('897', '47', '2');
INSERT INTO "BLADE_RELATION" VALUES ('898', '48', '2');
INSERT INTO "BLADE_RELATION" VALUES ('899', '49', '2');
INSERT INTO "BLADE_RELATION" VALUES ('1244', '1', '3');
INSERT INTO "BLADE_RELATION" VALUES ('1245', '62', '3');
INSERT INTO "BLADE_RELATION" VALUES ('1246', '64', '3');
INSERT INTO "BLADE_RELATION" VALUES ('1247', '72', '3');
INSERT INTO "BLADE_RELATION" VALUES ('1248', '73', '3');
INSERT INTO "BLADE_RELATION" VALUES ('1249', '74', '3');
INSERT INTO "BLADE_RELATION" VALUES ('1250', '75', '3');
INSERT INTO "BLADE_RELATION" VALUES ('1251', '76', '3');
INSERT INTO "BLADE_RELATION" VALUES ('1252', '77', '3');
INSERT INTO "BLADE_RELATION" VALUES ('1253', '78', '3');
INSERT INTO "BLADE_RELATION" VALUES ('1254', '79', '3');
INSERT INTO "BLADE_RELATION" VALUES ('1255', '80', '3');
INSERT INTO "BLADE_RELATION" VALUES ('1384', '72', '6');
INSERT INTO "BLADE_RELATION" VALUES ('1385', '73', '6');
INSERT INTO "BLADE_RELATION" VALUES ('1386', '74', '6');
INSERT INTO "BLADE_RELATION" VALUES ('1387', '75', '6');
INSERT INTO "BLADE_RELATION" VALUES ('1388', '76', '6');
INSERT INTO "BLADE_RELATION" VALUES ('1389', '77', '6');
INSERT INTO "BLADE_RELATION" VALUES ('1390', '78', '6');
INSERT INTO "BLADE_RELATION" VALUES ('1391', '79', '6');
INSERT INTO "BLADE_RELATION" VALUES ('1392', '80', '6');
INSERT INTO "BLADE_RELATION" VALUES ('1393', '81', '6');
INSERT INTO "BLADE_RELATION" VALUES ('1394', '82', '6');
INSERT INTO "BLADE_RELATION" VALUES ('1395', '84', '6');
INSERT INTO "BLADE_RELATION" VALUES ('1396', '85', '6');
INSERT INTO "BLADE_RELATION" VALUES ('1397', '86', '6');
INSERT INTO "BLADE_RELATION" VALUES ('1398', '87', '6');
INSERT INTO "BLADE_RELATION" VALUES ('1399', '83', '6');
INSERT INTO "BLADE_RELATION" VALUES ('1400', '88', '6');
INSERT INTO "BLADE_RELATION" VALUES ('1401', '89', '6');
INSERT INTO "BLADE_RELATION" VALUES ('1402', '90', '6');
INSERT INTO "BLADE_RELATION" VALUES ('1403', '91', '6');
INSERT INTO "BLADE_RELATION" VALUES ('1524', '1', '25');
INSERT INTO "BLADE_RELATION" VALUES ('1525', '62', '25');
INSERT INTO "BLADE_RELATION" VALUES ('1526', '64', '25');
INSERT INTO "BLADE_RELATION" VALUES ('1527', '72', '25');
INSERT INTO "BLADE_RELATION" VALUES ('1528', '73', '25');
INSERT INTO "BLADE_RELATION" VALUES ('1529', '74', '25');
INSERT INTO "BLADE_RELATION" VALUES ('1530', '75', '25');
INSERT INTO "BLADE_RELATION" VALUES ('1531', '76', '25');
INSERT INTO "BLADE_RELATION" VALUES ('1532', '77', '25');
INSERT INTO "BLADE_RELATION" VALUES ('1533', '78', '25');
INSERT INTO "BLADE_RELATION" VALUES ('1534', '79', '25');
INSERT INTO "BLADE_RELATION" VALUES ('1535', '80', '25');

-- ----------------------------
-- TABLE STRUCTURE FOR BLADE_ROLE
-- ----------------------------
DROP TABLE "BLADE_ROLE";
CREATE TABLE "BLADE_ROLE" (
"ID" NUMBER NOT NULL ,
"NUM" NUMBER NULL ,
"PID" NUMBER NULL ,
"NAME" NVARCHAR2(255) NULL ,
"DEPTID" NUMBER NULL ,
"TIPS" NVARCHAR2(255) NULL ,
"VERSION" NUMBER(11) NULL
)
LOGGING
NOCOMPRESS
NOCACHE

;

-- ----------------------------
-- RECORDS OF BLADE_ROLE
-- ----------------------------
INSERT INTO "BLADE_ROLE" VALUES ('1', '1', '0', '超级管理员', '1', 'ADMINISTRATOR', '0');
INSERT INTO "BLADE_ROLE" VALUES ('2', '1', '1', '管理员', '7', 'ADMIN', '1');
INSERT INTO "BLADE_ROLE" VALUES ('3', '2', '1', '管理员1', '10', 'ADMIN', '1');
INSERT INTO "BLADE_ROLE" VALUES ('4', '2', '0', '测试', '10', 'TEST', '0');
INSERT INTO "BLADE_ROLE" VALUES ('5', '1', '4', '测试1', '3', 'TEST', '1');
INSERT INTO "BLADE_ROLE" VALUES ('8', '1', '3', '管理员2', '6', 'USER', '0');
INSERT INTO "BLADE_ROLE" VALUES ('6', '2', '4', '测试2', '10', 'TEST', '0');

-- ----------------------------
-- TABLE STRUCTURE FOR BLADE_ROLE_EXT
-- ----------------------------
DROP TABLE "BLADE_ROLE_EXT";
CREATE TABLE "BLADE_ROLE_EXT" (
"ID" NUMBER NOT NULL ,
"USERID" NVARCHAR2(255) NULL ,
"ROLEIN" VARCHAR2(1000 BYTE) NULL ,
"ROLEOUT" VARCHAR2(1000 BYTE) NULL
)
LOGGING
NOCOMPRESS
NOCACHE

;

-- ----------------------------
-- RECORDS OF BLADE_ROLE_EXT
-- ----------------------------
INSERT INTO "BLADE_ROLE_EXT" VALUES ('67', '1', '1,265', '0');
INSERT INTO "BLADE_ROLE_EXT" VALUES ('27', '66', '1,44,49', '45');
INSERT INTO "BLADE_ROLE_EXT" VALUES ('50', '74', '0', '0');
INSERT INTO "BLADE_ROLE_EXT" VALUES ('48', '63', '0', '0');
INSERT INTO "BLADE_ROLE_EXT" VALUES ('49', '72', '0', '0');
INSERT INTO "BLADE_ROLE_EXT" VALUES ('47', '2', '0', '8,9,10,11,12,13,14,15,16,17,18,19,20,21,22,23,24');
INSERT INTO "BLADE_ROLE_EXT" VALUES ('87', '168', '92,103,104,105,106,107', '109,110,111,112,113,114,115,116,117,118,119,120,121,122');
INSERT INTO "BLADE_ROLE_EXT" VALUES ('107', '189', '108,109,110,111,112,113,114,115,116,117,118,119,120,121,122', '0');
INSERT INTO "BLADE_ROLE_EXT" VALUES ('127', '21', '92,98,99,100,101,102', '0');

-- ----------------------------
-- TABLE STRUCTURE FOR BLADE_USER
-- ----------------------------
DROP TABLE "BLADE_USER";
CREATE TABLE "BLADE_USER" (
"ID" NUMBER(11) NOT NULL ,
"ACCOUNT" NVARCHAR2(45) NULL ,
"PASSWORD" NVARCHAR2(45) NULL ,
"SALT" NVARCHAR2(45) NULL ,
"NAME" NVARCHAR2(45) NULL ,
"BIRTHDAY" DATE NULL ,
"SEX" NUMBER(11) NULL ,
"EMAIL" NVARCHAR2(45) NULL ,
"PHONE" NVARCHAR2(45) NULL ,
"ROLEID" NVARCHAR2(255) NULL ,
"DEPTID" NUMBER(11) NULL ,
"STATUS" NUMBER(11) NULL ,
"CREATETIME" DATE NULL ,
"VERSION" NUMBER(11) NULL
)
LOGGING
NOCOMPRESS
NOCACHE

;

-- ----------------------------
-- RECORDS OF BLADE_USER
-- ----------------------------
INSERT INTO "BLADE_USER" VALUES ('1', 'ADMIN', '4779E4A9903DFB08F9F877791C516A73', 'ADMIN', '管理员', TO_DATE('2015-09-08 00:00:00', 'YYYY-MM-DD HH24:MI:SS'), '1', 'ADMIN@TONBUSOFT.COM.CN', '222333', '1', '1', '1', TO_DATE('2016-01-29 08:49:53', 'YYYY-MM-DD HH24:MI:SS'), '10');
INSERT INTO "BLADE_USER" VALUES ('2', 'TEST001', 'E334680512284CAC2F57701ABE03AF96', 'R4I90', 'CS', TO_DATE('2016-02-19 14:00:13', 'YYYY-MM-DD HH24:MI:SS'), '1', NULL, NULL, '6', '2', '1', TO_DATE('2016-02-19 14:00:19', 'YYYY-MM-DD HH24:MI:SS'), '3');

-- ----------------------------
-- SEQUENCE STRUCTURE FOR SEQ_ATTACH
-- ----------------------------
DROP SEQUENCE "SEQ_ATTACH";
CREATE SEQUENCE "SEQ_ATTACH"
 INCREMENT BY 1
 MINVALUE 1
 MAXVALUE 9999999999999999
 START WITH 350
 CACHE 20;

-- ----------------------------
-- SEQUENCE STRUCTURE FOR SEQ_DEPT
-- ----------------------------
DROP SEQUENCE "SEQ_DEPT";
CREATE SEQUENCE "SEQ_DEPT"
 INCREMENT BY 1
 MINVALUE 1
 MAXVALUE 9999999999999999
 START WITH 54
 CACHE 20;

-- ----------------------------
-- SEQUENCE STRUCTURE FOR SEQ_DICT
-- ----------------------------
DROP SEQUENCE "SEQ_DICT";
CREATE SEQUENCE "SEQ_DICT"
 INCREMENT BY 1
 MINVALUE 1
 MAXVALUE 9999999999999999
 START WITH 81
 CACHE 20;

-- ----------------------------
-- SEQUENCE STRUCTURE FOR SEQ_GENERATE
-- ----------------------------
DROP SEQUENCE "SEQ_GENERATE";
CREATE SEQUENCE "SEQ_GENERATE"
 INCREMENT BY 1
 MINVALUE 1
 MAXVALUE 9999999999999999
 START WITH 5
 CACHE 20;

-- ----------------------------
-- SEQUENCE STRUCTURE FOR SEQ_LLOG
-- ----------------------------
DROP SEQUENCE "SEQ_LLOG";
CREATE SEQUENCE "SEQ_LLOG"
 INCREMENT BY 1
 MINVALUE 1
 MAXVALUE 9999999999999999
 START WITH 1
 CACHE 20;

-- ----------------------------
-- SEQUENCE STRUCTURE FOR SEQ_MENU
-- ----------------------------
DROP SEQUENCE "SEQ_MENU";
CREATE SEQUENCE "SEQ_MENU"
 INCREMENT BY 1
 MINVALUE 1
 MAXVALUE 9999999999999999
 START WITH 285
 CACHE 20;

-- ----------------------------
-- SEQUENCE STRUCTURE FOR SEQ_NOTICE
-- ----------------------------
DROP SEQUENCE "SEQ_NOTICE";
CREATE SEQUENCE "SEQ_NOTICE"
 INCREMENT BY 1
 MINVALUE 1
 MAXVALUE 999999999999999999999999999
 START WITH 1459
 CACHE 10;

-- ----------------------------
-- SEQUENCE STRUCTURE FOR SEQ_OLOG
-- ----------------------------
DROP SEQUENCE "SEQ_OLOG";
CREATE SEQUENCE "SEQ_OLOG"
 INCREMENT BY 1
 MINVALUE 1
 MAXVALUE 9999999999999999
 START WITH 1
 CACHE 20;

-- ----------------------------
-- SEQUENCE STRUCTURE FOR SEQ_PARAMETER
-- ----------------------------
DROP SEQUENCE "SEQ_PARAMETER";
CREATE SEQUENCE "SEQ_PARAMETER"
 INCREMENT BY 1
 MINVALUE 1
 MAXVALUE 9999999999999999
 START WITH 81
 CACHE 20;

-- ----------------------------
-- SEQUENCE STRUCTURE FOR SEQ_RELATION
-- ----------------------------
DROP SEQUENCE "SEQ_RELATION";
CREATE SEQUENCE "SEQ_RELATION"
 INCREMENT BY 1
 MINVALUE 1
 MAXVALUE 9999999999999999
 START WITH 1684
 CACHE 20;

-- ----------------------------
-- SEQUENCE STRUCTURE FOR SEQ_ROLE
-- ----------------------------
DROP SEQUENCE "SEQ_ROLE";
CREATE SEQUENCE "SEQ_ROLE"
 INCREMENT BY 1
 MINVALUE 1
 MAXVALUE 9999999999999999
 START WITH 45
 CACHE 20;

-- ----------------------------
-- SEQUENCE STRUCTURE FOR SEQ_ROLE_EXT
-- ----------------------------
DROP SEQUENCE "SEQ_ROLE_EXT";
CREATE SEQUENCE "SEQ_ROLE_EXT"
 INCREMENT BY 1
 MINVALUE 1
 MAXVALUE 9999999999999999
 START WITH 147
 CACHE 20;

-- ----------------------------
-- SEQUENCE STRUCTURE FOR SEQ_USER
-- ----------------------------
DROP SEQUENCE "SEQ_USER";
CREATE SEQUENCE "SEQ_USER"
 INCREMENT BY 1
 MINVALUE 1
 MAXVALUE 9999999999999999
 START WITH 41
 CACHE 20;

-- ----------------------------
-- INDEXES STRUCTURE FOR TABLE BLADE_ATTACH
-- ----------------------------

-- ----------------------------
-- CHECKS STRUCTURE FOR TABLE BLADE_ATTACH
-- ----------------------------
ALTER TABLE "BLADE_ATTACH" ADD CHECK ("ID" IS NOT NULL);
ALTER TABLE "BLADE_ATTACH" ADD CHECK ("ID" IS NOT NULL);
ALTER TABLE "BLADE_ATTACH" ADD CHECK ("ID" IS NOT NULL);
ALTER TABLE "BLADE_ATTACH" ADD CHECK ("ID" IS NOT NULL);
ALTER TABLE "BLADE_ATTACH" ADD CHECK ("ID" IS NOT NULL);

-- ----------------------------
-- PRIMARY KEY STRUCTURE FOR TABLE BLADE_ATTACH
-- ----------------------------
ALTER TABLE "BLADE_ATTACH" ADD PRIMARY KEY ("ID");

-- ----------------------------
-- INDEXES STRUCTURE FOR TABLE BLADE_DEPT
-- ----------------------------

-- ----------------------------
-- CHECKS STRUCTURE FOR TABLE BLADE_DEPT
-- ----------------------------
ALTER TABLE "BLADE_DEPT" ADD CHECK ("ID" IS NOT NULL);
ALTER TABLE "BLADE_DEPT" ADD CHECK ("ID" IS NOT NULL);
ALTER TABLE "BLADE_DEPT" ADD CHECK ("ID" IS NOT NULL);
ALTER TABLE "BLADE_DEPT" ADD CHECK ("ID" IS NOT NULL);
ALTER TABLE "BLADE_DEPT" ADD CHECK ("ID" IS NOT NULL);

-- ----------------------------
-- PRIMARY KEY STRUCTURE FOR TABLE BLADE_DEPT
-- ----------------------------
ALTER TABLE "BLADE_DEPT" ADD PRIMARY KEY ("ID");

-- ----------------------------
-- INDEXES STRUCTURE FOR TABLE BLADE_DICT
-- ----------------------------

-- ----------------------------
-- CHECKS STRUCTURE FOR TABLE BLADE_DICT
-- ----------------------------
ALTER TABLE "BLADE_DICT" ADD CHECK ("ID" IS NOT NULL);
ALTER TABLE "BLADE_DICT" ADD CHECK ("ID" IS NOT NULL);
ALTER TABLE "BLADE_DICT" ADD CHECK ("ID" IS NOT NULL);
ALTER TABLE "BLADE_DICT" ADD CHECK ("ID" IS NOT NULL);
ALTER TABLE "BLADE_DICT" ADD CHECK ("ID" IS NOT NULL);

-- ----------------------------
-- PRIMARY KEY STRUCTURE FOR TABLE BLADE_DICT
-- ----------------------------
ALTER TABLE "BLADE_DICT" ADD PRIMARY KEY ("ID");

-- ----------------------------
-- INDEXES STRUCTURE FOR TABLE BLADE_GENERATE
-- ----------------------------

-- ----------------------------
-- CHECKS STRUCTURE FOR TABLE BLADE_GENERATE
-- ----------------------------
ALTER TABLE "BLADE_GENERATE" ADD CHECK ("ID" IS NOT NULL);
ALTER TABLE "BLADE_GENERATE" ADD CHECK ("ID" IS NOT NULL);

-- ----------------------------
-- PRIMARY KEY STRUCTURE FOR TABLE BLADE_GENERATE
-- ----------------------------
ALTER TABLE "BLADE_GENERATE" ADD PRIMARY KEY ("ID");

-- ----------------------------
-- INDEXES STRUCTURE FOR TABLE BLADE_LOGIN_LOG
-- ----------------------------

-- ----------------------------
-- CHECKS STRUCTURE FOR TABLE BLADE_LOGIN_LOG
-- ----------------------------
ALTER TABLE "BLADE_LOGIN_LOG" ADD CHECK ("ID" IS NOT NULL);
ALTER TABLE "BLADE_LOGIN_LOG" ADD CHECK ("ID" IS NOT NULL);
ALTER TABLE "BLADE_LOGIN_LOG" ADD CHECK ("ID" IS NOT NULL);
ALTER TABLE "BLADE_LOGIN_LOG" ADD CHECK ("ID" IS NOT NULL);
ALTER TABLE "BLADE_LOGIN_LOG" ADD CHECK ("ID" IS NOT NULL);

-- ----------------------------
-- PRIMARY KEY STRUCTURE FOR TABLE BLADE_LOGIN_LOG
-- ----------------------------
ALTER TABLE "BLADE_LOGIN_LOG" ADD PRIMARY KEY ("ID");

-- ----------------------------
-- INDEXES STRUCTURE FOR TABLE BLADE_MENU
-- ----------------------------

-- ----------------------------
-- CHECKS STRUCTURE FOR TABLE BLADE_MENU
-- ----------------------------
ALTER TABLE "BLADE_MENU" ADD CHECK ("ID" IS NOT NULL);
ALTER TABLE "BLADE_MENU" ADD CHECK ("ID" IS NOT NULL);
ALTER TABLE "BLADE_MENU" ADD CHECK ("ID" IS NOT NULL);
ALTER TABLE "BLADE_MENU" ADD CHECK ("ID" IS NOT NULL);
ALTER TABLE "BLADE_MENU" ADD CHECK ("ID" IS NOT NULL);

-- ----------------------------
-- PRIMARY KEY STRUCTURE FOR TABLE BLADE_MENU
-- ----------------------------
ALTER TABLE "BLADE_MENU" ADD PRIMARY KEY ("ID");

-- ----------------------------
-- INDEXES STRUCTURE FOR TABLE BLADE_NOTICE
-- ----------------------------

-- ----------------------------
-- CHECKS STRUCTURE FOR TABLE BLADE_NOTICE
-- ----------------------------
ALTER TABLE "BLADE_NOTICE" ADD CHECK ("ID" IS NOT NULL);
ALTER TABLE "BLADE_NOTICE" ADD CHECK ("ID" IS NOT NULL);
ALTER TABLE "BLADE_NOTICE" ADD CHECK ("ID" IS NOT NULL);

-- ----------------------------
-- PRIMARY KEY STRUCTURE FOR TABLE BLADE_NOTICE
-- ----------------------------
ALTER TABLE "BLADE_NOTICE" ADD PRIMARY KEY ("ID");

-- ----------------------------
-- INDEXES STRUCTURE FOR TABLE BLADE_OPERATION_LOG
-- ----------------------------

-- ----------------------------
-- CHECKS STRUCTURE FOR TABLE BLADE_OPERATION_LOG
-- ----------------------------
ALTER TABLE "BLADE_OPERATION_LOG" ADD CHECK ("ID" IS NOT NULL);
ALTER TABLE "BLADE_OPERATION_LOG" ADD CHECK ("ID" IS NOT NULL);
ALTER TABLE "BLADE_OPERATION_LOG" ADD CHECK ("ID" IS NOT NULL);
ALTER TABLE "BLADE_OPERATION_LOG" ADD CHECK ("ID" IS NOT NULL);
ALTER TABLE "BLADE_OPERATION_LOG" ADD CHECK ("ID" IS NOT NULL);

-- ----------------------------
-- PRIMARY KEY STRUCTURE FOR TABLE BLADE_OPERATION_LOG
-- ----------------------------
ALTER TABLE "BLADE_OPERATION_LOG" ADD PRIMARY KEY ("ID");

-- ----------------------------
-- INDEXES STRUCTURE FOR TABLE BLADE_PARAMETER
-- ----------------------------

-- ----------------------------
-- CHECKS STRUCTURE FOR TABLE BLADE_PARAMETER
-- ----------------------------
ALTER TABLE "BLADE_PARAMETER" ADD CHECK ("ID" IS NOT NULL);
ALTER TABLE "BLADE_PARAMETER" ADD CHECK ("ID" IS NOT NULL);
ALTER TABLE "BLADE_PARAMETER" ADD CHECK ("ID" IS NOT NULL);
ALTER TABLE "BLADE_PARAMETER" ADD CHECK ("ID" IS NOT NULL);
ALTER TABLE "BLADE_PARAMETER" ADD CHECK ("ID" IS NOT NULL);

-- ----------------------------
-- PRIMARY KEY STRUCTURE FOR TABLE BLADE_PARAMETER
-- ----------------------------
ALTER TABLE "BLADE_PARAMETER" ADD PRIMARY KEY ("ID");

-- ----------------------------
-- INDEXES STRUCTURE FOR TABLE BLADE_RELATION
-- ----------------------------

-- ----------------------------
-- CHECKS STRUCTURE FOR TABLE BLADE_RELATION
-- ----------------------------
ALTER TABLE "BLADE_RELATION" ADD CHECK ("ID" IS NOT NULL);
ALTER TABLE "BLADE_RELATION" ADD CHECK ("ID" IS NOT NULL);
ALTER TABLE "BLADE_RELATION" ADD CHECK ("ID" IS NOT NULL);
ALTER TABLE "BLADE_RELATION" ADD CHECK ("ID" IS NOT NULL);
ALTER TABLE "BLADE_RELATION" ADD CHECK ("ID" IS NOT NULL);

-- ----------------------------
-- PRIMARY KEY STRUCTURE FOR TABLE BLADE_RELATION
-- ----------------------------
ALTER TABLE "BLADE_RELATION" ADD PRIMARY KEY ("ID");

-- ----------------------------
-- INDEXES STRUCTURE FOR TABLE BLADE_ROLE
-- ----------------------------

-- ----------------------------
-- CHECKS STRUCTURE FOR TABLE BLADE_ROLE
-- ----------------------------
ALTER TABLE "BLADE_ROLE" ADD CHECK ("ID" IS NOT NULL);
ALTER TABLE "BLADE_ROLE" ADD CHECK ("ID" IS NOT NULL);
ALTER TABLE "BLADE_ROLE" ADD CHECK ("ID" IS NOT NULL);
ALTER TABLE "BLADE_ROLE" ADD CHECK ("ID" IS NOT NULL);
ALTER TABLE "BLADE_ROLE" ADD CHECK ("ID" IS NOT NULL);

-- ----------------------------
-- PRIMARY KEY STRUCTURE FOR TABLE BLADE_ROLE
-- ----------------------------
ALTER TABLE "BLADE_ROLE" ADD PRIMARY KEY ("ID");

-- ----------------------------
-- INDEXES STRUCTURE FOR TABLE BLADE_ROLE_EXT
-- ----------------------------

-- ----------------------------
-- CHECKS STRUCTURE FOR TABLE BLADE_ROLE_EXT
-- ----------------------------
ALTER TABLE "BLADE_ROLE_EXT" ADD CHECK ("ID" IS NOT NULL);
ALTER TABLE "BLADE_ROLE_EXT" ADD CHECK ("ID" IS NOT NULL);
ALTER TABLE "BLADE_ROLE_EXT" ADD CHECK ("ID" IS NOT NULL);
ALTER TABLE "BLADE_ROLE_EXT" ADD CHECK ("ID" IS NOT NULL);
ALTER TABLE "BLADE_ROLE_EXT" ADD CHECK ("ID" IS NOT NULL);

-- ----------------------------
-- PRIMARY KEY STRUCTURE FOR TABLE BLADE_ROLE_EXT
-- ----------------------------
ALTER TABLE "BLADE_ROLE_EXT" ADD PRIMARY KEY ("ID");

-- ----------------------------
-- INDEXES STRUCTURE FOR TABLE BLADE_USER
-- ----------------------------

-- ----------------------------
-- CHECKS STRUCTURE FOR TABLE BLADE_USER
-- ----------------------------
ALTER TABLE "BLADE_USER" ADD CHECK ("ID" IS NOT NULL);
ALTER TABLE "BLADE_USER" ADD CHECK ("ID" IS NOT NULL);
ALTER TABLE "BLADE_USER" ADD CHECK ("ID" IS NOT NULL);

-- ----------------------------
-- PRIMARY KEY STRUCTURE FOR TABLE BLADE_USER
-- ----------------------------
ALTER TABLE "BLADE_USER" ADD PRIMARY KEY ("ID");
